Tamaño matriz,Tiempo promedio (s)
10,0.000005
25,0.000041
50,0.000329
100,0.002599
200,0.021321
300,0.072499
400,0.173197
500,0.347377
700,0.927541
